List.index,Helix,Sequence.F,Sequence.R,Condition,file
1,A,CGAAAGGU,ACCUUUCG,1 M NaCl,01_js4022_Helix_A.csv
2,B,CGAACUCU,AGAGUUCG,1 M NaCl,02_js4022_Helix_B.csv
3,C,CUGAGUC,GACUCAG,1 M NaCl,03_js4022_Helix_C.csv
4,D,CGUUGC,GCAACG,1 M NaCl,04_js4022_Helix_D.csv
5,E,CGACGC,GCGUCG,1 M NaCl,05_js4022_Helix_E.csv
6,f,CGCAUCCU,AGGAUGCG,1 M NaCl,06_js5003_Helix_F.csv
7,G,CCAUAUCA,UGAUAUGG,1 M NaCl,07_js5003_Helix_G.csv
8,H,CCAUAUUA,UAAUAUGG,1 M NaCl,08_js5003_Helix_H.csv
9,I,CGGAUGGC,GCCAUCCG,1 M NaCl,09_js5003_Helix_I.csv
10,J,CGUAUGUA,UACAUACG,1 M NaCl,10_js5003_Helix_J.csv
11,L,UUCACUC,GAGUGAA,1 M NaCl,mh_1034_Helix_L.csv
12,M,UCCACG,CGUGGA,1 M NaCl,mh_1044_Helix_M.csv
13,N,UCAGGUA,UACCUGA,1 M NaCl,mh_1034_Helix_N.csv
14,O,UCAGCUA,UAGCUGA,1 M NaCl,mh_1034_Helix_O.csv
15,P,UCGGCUA,UAGCCGA,1 M NaCl,mh_1044_Helix_P.csv
16,U,CCAUCG,CGAUGG,1 M NaCl,js6027_Helix_U.csv
17,V,CAGCCG,CGGCUG,1 M NaCl,js6027_Helix_V.csv
18,X,CAGCAUAG,CUAUGCUG,1 M NaCl,js6027_Helix_X.csv
19,Y,CGGUUUUA,UAAAACCG,1 M NaCl,mh1089_Helix_Y_1MNaCl.csv
20,Z,UAGCGGC,GCCGCUA,1 M NaCl,mh1089_Helix_Z_1MNaCl.csv
21,AA,UAUGGC,GCCAUA,1 M NaCl,mh1087_Helix_AA_1MNaCl.csv
22,CC,CGCAAGC,GCUUGCG,1 M NaCl,mh1071_Helix_CC_1MNaCl.csv
23,DD,UAUGCAU,AUGCAUA,1 M NaCl,mh1073_Helix_DD_1MNaCl.csv
24,EE,CGCAAACG,CGUUUGCG,1 M NaCl,mh1073_Helix_EE_1MNaCl.csv
25,FF,CGGUGU,ACACCG,1 M NaCl,mh1077_Helix_FF_1MNaCl.csv
26,A,CGAAAGGU,ACCUUUCG,Eco80,mh_1063_Helix_A.csv
27,B,CGAACUCU,AGAGUUCG,Eco80,js7009_Helix_B_Eco80.csv
28,C,CUGAGUC,GACUCAG,Eco80,js7010_Helix_C_Eco80.csv
29,D,CGUUGC,GCAACG,Eco80,mh_1063_Helix_D.csv
30,E,CGACGC,GCGUCG,Eco80,mh_1057_Helix_E.csv
31,f,CGCAUCCU,AGGAUGCG,Eco80,mh1018_Helix_F.csv
32,G,CCAUAUCA,UGAUAUGG,Eco80,js6007_Helix_G.csv
33,H,CCAUAUUA,UAAUAUGG,Eco80,mh1020_Helix_H.csv
34,I,CGGAUGGC,GCCAUCCG,Eco80,js6007_Helix_I.csv
35,J,CGUAUGUA,UACAUACG,Eco80,js6007_Helix_J.csv
36,L,UUCACUC,GAGUGAA,Eco80,mh_1060_Helix_L.csv
37,M,UCCACG,CGUGGA,Eco80,mh_1060_Helix_M.csv
38,N,UCAGGUA,UACCUGA,Eco80,js7007_Helix_N_Eco80.csv
39,O,UCAGCUA,UAGCUGA,Eco80,js7006_Helix_O_Eco80.csv
40,P,UCGGCUA,UAGCCGA,Eco80,js7006_Helix_P_Eco80.csv
41,U,CCAUCG,CGAUGG,Eco80,js7005_Helix_U_Eco80.csv
42,V,CAGCCG,CGGCUG,Eco80,js7005_Helix_V_Eco80.csv
43,X,CAGCAUAG,CUAUGCUG,Eco80,js7003_Helix_X_Eco80.csv
44,Y,CGGUUUUA,UAAAACCG,Eco80,mh1093_Helix_Y_Eco80.csv
45,Z,UAGCGGC,GCCGCUA,Eco80,mh1093_Helix_Z_Eco80.csv
46,AA,UAUGGC,GCCAUA,Eco80,mh1083_Helix_AA_Eco80.csv
47,CC,CGCAAGC,GCUUGCG,Eco80,mh1081_Helix_CC_Eco80.csv
48,DD,UAUGCAU,AUGCAUA,Eco80,mh1083_Helix_DD_Eco80.csv
49,EE,CGCAAACG,CGUUUGCG,Eco80,js7001_Helix_EE_Eco80.csv
50,FF,CGGUGU,ACACCG,Eco80,js7001_Helix_FF_Eco80.csv
